admin,50ce57c6d91d39d3aa656515125644536787a487c7ce49bd4de4f268028f55978f20b888140d40540a450ad2c401f363ac3758e5d7bee93067709b548790e713
manager,806b0b792622b427acc0e9eaae732f42833f7a0f9c6268c1bc8705bc49f8d1caa4b7248435d37b0994059173e4f754519663e82a75377ec1d992e09cbd8a8f4f
user1,d13ede0617a6fe41cede7c54813aaa154834671bb66a00c2227c00500f2d254b2ff120193ac91d2fd2dbb6796d92ffbab8e1f6533b4bf92239a1a76e60e6f87a
user2,f034f9cd9a68bbdd661905048a4c24b2195f0e7a1a18b4bc6c84a7510e86800c50ff3d5fb5550d7216c32204b0efb930bf1283f02a9d62634d5fb30212c0764d
guest,656c4857740be12da4d11aef071c644ae1434714ba53b98ca80f1d017342d92b2d4ee4895e550b035dfd069bb85a697bb8e8f0beab64981173175b2a71ae203d
developer,5c51020562dbf30951c35179ec4ad6cde7771ff9b024061bae789026d1df4853274cd22a9d89a82a2fa140f8a4af96a1a2d67b5ba628818e335d66f882a3a35c
analyst,826a303f6330566981ecb4402bb048147d84f29e934e1e4bfb5f34d028707ee3da7a6be5fe6bfe19ea9bef9083ca440ebbb101d527a141665a838fb87dcdbde1
tester,dbe9a75e3f7db3262433138a954ef8d644862e071722f1a48da5cc015c2dac05d5a353cdf0ef24d2e287476684bee753cf964328a55eea78ae7a98a295dddd54
auditor,8dd988f4a35e567474559df263c1eb09d92ba81af92cf9046c0da4ba3ef50b9633f9bc5852a15fe707a57e140537c4f1520d1b7f2d8b0a2e9560818ea74161a4
support,375a8e0b4f66bd8c7cb7935997690fc446f22f25ef5f532415ec86e7db991e9542943ef33a49b31bff207d4771e1b336ca393633dcfdd874ffcbef60b16f7b31
